[{"model": "trafficdb.direction", "pk": 1, "fields": {"directionName": "SG > JB", "directionDesc": "Singapore to Johor", "directionDisplay": true, "createdTime": "2024-05-26T02:36:54.192Z", "modifiedTime": "2024-05-26T02:36:54.192Z"}}, {"model": "trafficdb.direction", "pk": 2, "fields": {"directionName": "JB > SG", "directionDesc": "Johor to Singapore", "directionDisplay": true, "createdTime": "2024-05-26T03:21:03.627Z", "modifiedTime": "2024-05-26T03:21:03.627Z"}}, {"model": "trafficdb.queuetype", "pk": 1, "fields": {"queueTypeName": "Woodlands-Checkpoint", "queueTypeDisplay": true, "createdTime": "2024-05-26T02:42:45.809Z", "modifiedTime": "2024-05-26T02:42:45.809Z"}}, {"model": "trafficdb.queuetype", "pk": 2, "fields": {"queueTypeName": "Woodlands-Bus", "queueTypeDisplay": true, "createdTime": "2024-05-26T02:42:54.755Z", "modifiedTime": "2024-05-26T02:42:54.755Z"}}, {"model": "trafficdb.queuetype", "pk": 3, "fields": {"queueTypeName": "Bugis-Bus", "queueTypeDisplay": true, "createdTime": "2024-05-26T02:43:10.042Z", "modifiedTime": "2024-05-26T02:43:10.042Z"}}, {"model": "trafficdb.queuetype", "pk": 4, "fields": {"queueTypeName": "Kranji-Bus", "queueTypeDisplay": true, "createdTime": "2024-05-26T02:43:15.310Z", "modifiedTime": "2024-05-26T02:43:15.310Z"}}, {"model": "trafficdb.queuetype", "pk": 5, "fields": {"queueTypeName": "Woodlands Int - Bus", "queueTypeDisplay": true, "createdTime": "2024-05-26T02:43:32.410Z", "modifiedTime": "2024-05-26T02:43:32.410Z"}}, {"model": "trafficdb.queuetype", "pk": 6, "fields": {"queueTypeName": "Johor - Checkpoint", "queueTypeDisplay": true, "createdTime": "2024-05-26T09:08:13.213Z", "modifiedTime": "2024-05-26T09:08:13.213Z"}}, {"model": "trafficdb.queuetype", "pk": 7, "fields": {"queueTypeName": "Johor - Bus", "queueTypeDisplay": true, "createdTime": "2024-05-26T09:34:25.793Z", "modifiedTime": "2024-05-26T09:34:25.793Z"}}, {"model": "trafficdb.queuelength", "pk": 1, "fields": {"queueLength": "No Queue", "queueTypeDisplay": true, "queueColor": "bg-success", "queueLengthValue": 0, "createdTime": "2024-05-26T02:39:22.483Z", "modifiedTime": "2024-05-26T02:39:22.483Z"}}, {"model": "trafficdb.queuelength", "pk": 2, "fields": {"queueLength": "Short Queue (< 15 mins)", "queueTypeDisplay": true, "queueColor": "btn-info", "queueLengthValue": 0, "createdTime": "2024-05-26T02:39:51.604Z", "modifiedTime": "2024-05-26T02:39:51.604Z"}}, {"model": "trafficdb.queuelength", "pk": 3, "fields": {"queueLength": "Medium Queue (< 30 mins)", "queueTypeDisplay": true, "queueColor": "btn-warning", "queueLengthValue": 0, "createdTime": "2024-05-26T02:40:06.026Z", "modifiedTime": "2024-05-26T02:40:06.026Z"}}, {"model": "trafficdb.queuelength", "pk": 4, "fields": {"queueLength": "Long Queue (< 1 hour)", "queueTypeDisplay": true, "queueColor": "btn-danger", "queueLengthValue": 0, "createdTime": "2024-05-26T02:40:16.423Z", "modifiedTime": "2024-05-26T02:40:16.423Z"}}, {"model": "trafficdb.queuelength", "pk": 5, "fields": {"queueLength": "Full Queue (>1 hour)", "queueTypeDisplay": true, "queueColor": "btn-dark", "queueLengthValue": 0, "createdTime": "2024-05-26T02:40:25.411Z", "modifiedTime": "2024-05-26T02:40:25.411Z"}}, {"model": "trafficdb.queue", "pk": 1, "fields": {"queueName": "170X (Kranji)", "queueDesc": "170X (Kranji)", "direction": 1, "queueType": 4, "createdTime": "2024-05-26T02:49:26.903Z", "modifiedTime": "2024-05-26T02:49:26.903Z"}}, {"model": "trafficdb.queue", "pk": 2, "fields": {"queueName": "160/170/170X (Wlds Chkpt)", "queueDesc": "160/170/170X (Wlds Chkpt)", "direction": 1, "queueType": 1, "createdTime": "2024-05-26T02:49:49.202Z", "modifiedTime": "2024-05-26T02:49:49.202Z"}}, {"model": "trafficdb.queue", "pk": 3, "fields": {"queueName": "Woodlands Autogate (Exit SG)", "queueDesc": "Woodlands Autogate (Exit SG)", "direction": 1, "queueType": 1, "createdTime": "2024-05-26T02:54:02.789Z", "modifiedTime": "2024-05-26T02:54:02.789Z"}}, {"model": "trafficdb.queue", "pk": 4, "fields": {"queueName": "160/170/170X (CIQ)", "queueDesc": "160/170/170X (CIQ)", "direction": 2, "queueType": 6, "createdTime": "2024-05-26T03:22:20.111Z", "modifiedTime": "2024-05-26T03:22:20.111Z"}}, {"model": "trafficdb.queue", "pk": 5, "fields": {"queueName": "CW1 (Kranji)", "queueDesc": "CW1 (Kranji)", "direction": 1, "queueType": 4, "createdTime": "2024-05-26T09:05:12.530Z", "modifiedTime": "2024-05-26T09:05:12.530Z"}}, {"model": "trafficdb.queue", "pk": 6, "fields": {"queueName": "CIQ Egate/ Manual", "queueDesc": "CIQ Egate/ Manual (Twds JB)", "direction": 1, "queueType": 6, "createdTime": "2024-05-26T09:08:20.351Z", "modifiedTime": "2024-05-26T09:08:20.351Z"}}, {"model": "trafficdb.queue", "pk": 7, "fields": {"queueName": "Woodlands Autogate (Enter SG)", "queueDesc": "Woodlands Autogate", "direction": 2, "queueType": 1, "createdTime": "2024-05-26T09:10:03.302Z", "modifiedTime": "2024-05-26T09:10:03.302Z"}}, {"model": "trafficdb.queue", "pk": 8, "fields": {"queueName": "CW (Wlds)", "queueDesc": "CW (Wlds)", "direction": 1, "queueType": 1, "createdTime": "2024-05-26T09:31:35.202Z", "modifiedTime": "2024-05-26T09:31:35.202Z"}}, {"model": "trafficdb.queue", "pk": 9, "fields": {"queueName": "CW (CIQ)", "queueDesc": "CW (CIQ)", "direction": 2, "queueType": 6, "createdTime": "2024-05-26T09:34:31.797Z", "modifiedTime": "2024-05-26T09:34:31.797Z"}}, {"model": "trafficdb.queue", "pk": 10, "fields": {"queueName": "950 (CIQ)", "queueDesc": "950 (CIQ)", "direction": 2, "queueType": 6, "createdTime": "2024-06-02T10:48:45.374Z", "modifiedTime": "2024-06-02T10:48:45.374Z"}}, {"model": "trafficdb.queue", "pk": 11, "fields": {"queueName": "CIQ Egates/ Manual", "queueDesc": "JB CIQ Egates/ Manual", "direction": 2, "queueType": 6, "createdTime": "2024-06-02T12:54:53.707Z", "modifiedTime": "2024-06-02T12:54:53.707Z"}}, {"model": "trafficdb.queue", "pk": 12, "fields": {"queueName": "CW2 (Queen St)", "queueDesc": "CW2 (Queen St)", "direction": 1, "queueType": 3, "createdTime": "2024-06-03T04:27:35.619Z", "modifiedTime": "2024-06-03T04:27:35.619Z"}}, {"model": "trafficdb.queuestatus", "pk": 1, "fields": {"queue": 1, "queueLength": 4, "createdTime": "2024-05-31T09:20:56.950Z", "modifiedTime": "2024-05-31T09:20:56.950Z"}}, {"model": "trafficdb.queuestatus", "pk": 2, "fields": {"queue": 5, "queueLength": 4, "createdTime": "2024-05-31T09:21:09.899Z", "modifiedTime": "2024-05-31T09:21:09.899Z"}}, {"model": "trafficdb.queuestatus", "pk": 3, "fields": {"queue": 2, "queueLength": 5, "createdTime": "2024-05-31T09:44:11.580Z", "modifiedTime": "2024-05-31T09:44:11.581Z"}}, {"model": "trafficdb.queuestatus", "pk": 4, "fields": {"queue": 8, "queueLength": 5, "createdTime": "2024-05-31T09:48:43.402Z", "modifiedTime": "2024-05-31T09:48:43.402Z"}}, {"model": "trafficdb.queuestatus", "pk": 5, "fields": {"queue": 8, "queueLength": 4, "createdTime": "2024-05-31T09:48:50.457Z", "modifiedTime": "2024-05-31T09:48:50.457Z"}}, {"model": "trafficdb.queuestatus", "pk": 6, "fields": {"queue": 3, "queueLength": 3, "createdTime": "2024-05-31T10:17:41.641Z", "modifiedTime": "2024-05-31T10:17:41.641Z"}}, {"model": "trafficdb.queuestatus", "pk": 7, "fields": {"queue": 6, "queueLength": 2, "createdTime": "2024-05-31T10:17:49.887Z", "modifiedTime": "2024-05-31T10:17:49.887Z"}}, {"model": "trafficdb.queuestatus", "pk": 8, "fields": {"queue": 2, "queueLength": 4, "createdTime": "2024-05-31T10:18:10.401Z", "modifiedTime": "2024-05-31T10:18:10.401Z"}}, {"model": "trafficdb.queuestatus", "pk": 9, "fields": {"queue": 3, "queueLength": 4, "createdTime": "2024-05-31T10:28:43.381Z", "modifiedTime": "2024-05-31T10:28:43.381Z"}}, {"model": "trafficdb.queuestatus", "pk": 10, "fields": {"queue": 6, "queueLength": 5, "createdTime": "2024-05-31T10:29:13.931Z", "modifiedTime": "2024-05-31T10:29:13.931Z"}}, {"model": "trafficdb.queuestatus", "pk": 11, "fields": {"queue": 3, "queueLength": 5, "createdTime": "2024-05-31T10:29:21.895Z", "modifiedTime": "2024-05-31T10:29:21.895Z"}}, {"model": "trafficdb.queuestatus", "pk": 12, "fields": {"queue": 1, "queueLength": 5, "createdTime": "2024-05-31T10:42:45.225Z", "modifiedTime": "2024-05-31T10:42:45.225Z"}}, {"model": "trafficdb.queuestatus", "pk": 13, "fields": {"queue": 2, "queueLength": 5, "createdTime": "2024-05-31T10:42:57.963Z", "modifiedTime": "2024-05-31T10:42:57.963Z"}}, {"model": "trafficdb.queuestatus", "pk": 14, "fields": {"queue": 5, "queueLength": 5, "createdTime": "2024-05-31T10:43:07.858Z", "modifiedTime": "2024-05-31T10:43:07.858Z"}}, {"model": "trafficdb.queuestatus", "pk": 15, "fields": {"queue": 8, "queueLength": 5, "createdTime": "2024-05-31T10:43:16.545Z", "modifiedTime": "2024-05-31T10:43:16.545Z"}}, {"model": "trafficdb.queuestatus", "pk": 16, "fields": {"queue": 3, "queueLength": 2, "createdTime": "2024-05-31T13:36:35.456Z", "modifiedTime": "2024-05-31T13:36:35.457Z"}}, {"model": "trafficdb.queuestatus", "pk": 17, "fields": {"queue": 2, "queueLength": 4, "createdTime": "2024-05-31T13:36:49.495Z", "modifiedTime": "2024-05-31T13:36:49.495Z"}}, {"model": "trafficdb.queuestatus", "pk": 18, "fields": {"queue": 1, "queueLength": 2, "createdTime": "2024-05-31T13:36:56.662Z", "modifiedTime": "2024-05-31T13:36:56.662Z"}}, {"model": "trafficdb.queuestatus", "pk": 19, "fields": {"queue": 5, "queueLength": 2, "createdTime": "2024-05-31T13:37:06.965Z", "modifiedTime": "2024-05-31T13:37:06.965Z"}}, {"model": "trafficdb.queuestatus", "pk": 20, "fields": {"queue": 6, "queueLength": 1, "createdTime": "2024-05-31T13:37:13.369Z", "modifiedTime": "2024-05-31T13:37:13.369Z"}}, {"model": "trafficdb.queuestatus", "pk": 21, "fields": {"queue": 8, "queueLength": 1, "createdTime": "2024-05-31T13:37:25.723Z", "modifiedTime": "2024-05-31T13:37:25.723Z"}}, {"model": "trafficdb.queuestatus", "pk": 22, "fields": {"queue": 8, "queueLength": 1, "createdTime": "2024-06-02T07:33:58.848Z", "modifiedTime": "2024-06-02T07:33:58.848Z"}}, {"model": "trafficdb.queuestatus", "pk": 23, "fields": {"queue": 4, "queueLength": 3, "createdTime": "2024-06-02T10:20:11.219Z", "modifiedTime": "2024-06-02T10:20:11.219Z"}}, {"model": "trafficdb.queuestatus", "pk": 24, "fields": {"queue": 9, "queueLength": 3, "createdTime": "2024-06-02T10:20:25.969Z", "modifiedTime": "2024-06-02T10:20:25.969Z"}}, {"model": "trafficdb.queuestatus", "pk": 25, "fields": {"queue": 9, "queueLength": 4, "createdTime": "2024-06-02T10:20:31.191Z", "modifiedTime": "2024-06-02T10:20:31.191Z"}}, {"model": "trafficdb.queuestatus", "pk": 26, "fields": {"queue": 4, "queueLength": 5, "createdTime": "2024-06-02T10:44:19.252Z", "modifiedTime": "2024-06-02T10:44:19.252Z"}}, {"model": "trafficdb.queuestatus", "pk": 27, "fields": {"queue": 10, "queueLength": 3, "createdTime": "2024-06-02T10:49:03.735Z", "modifiedTime": "2024-06-02T10:49:03.735Z"}}, {"model": "trafficdb.queuestatus", "pk": 28, "fields": {"queue": 4, "queueLength": 3, "createdTime": "2024-06-02T10:56:21.143Z", "modifiedTime": "2024-06-02T10:56:21.143Z"}}, {"model": "trafficdb.queuestatus", "pk": 29, "fields": {"queue": 4, "queueLength": 5, "createdTime": "2024-06-02T11:31:55.218Z", "modifiedTime": "2024-06-02T11:31:55.218Z"}}, {"model": "trafficdb.queuestatus", "pk": 30, "fields": {"queue": 9, "queueLength": 5, "createdTime": "2024-06-02T11:53:16.542Z", "modifiedTime": "2024-06-02T11:53:16.542Z"}}, {"model": "trafficdb.queuestatus", "pk": 31, "fields": {"queue": 9, "queueLength": 3, "createdTime": "2024-06-02T11:55:15.733Z", "modifiedTime": "2024-06-02T11:55:15.733Z"}}, {"model": "trafficdb.queuestatus", "pk": 32, "fields": {"queue": 4, "queueLength": 4, "createdTime": "2024-06-02T12:01:02.115Z", "modifiedTime": "2024-06-02T12:01:02.115Z"}}, {"model": "trafficdb.queuestatus", "pk": 33, "fields": {"queue": 4, "queueLength": 3, "createdTime": "2024-06-02T12:01:32.467Z", "modifiedTime": "2024-06-02T12:01:32.467Z"}}, {"model": "trafficdb.queuestatus", "pk": 34, "fields": {"queue": 7, "queueLength": 2, "createdTime": "2024-06-02T12:01:43.431Z", "modifiedTime": "2024-06-02T12:01:43.431Z"}}, {"model": "trafficdb.queuestatus", "pk": 35, "fields": {"queue": 4, "queueLength": 5, "createdTime": "2024-06-02T12:05:09.765Z", "modifiedTime": "2024-06-02T12:05:09.765Z"}}, {"model": "trafficdb.queuestatus", "pk": 36, "fields": {"queue": 4, "queueLength": 5, "createdTime": "2024-06-02T12:05:10.347Z", "modifiedTime": "2024-06-02T12:05:10.347Z"}}, {"model": "trafficdb.queuestatus", "pk": 37, "fields": {"queue": 11, "queueLength": 3, "createdTime": "2024-06-02T12:55:07.065Z", "modifiedTime": "2024-06-02T12:55:07.065Z"}}, {"model": "trafficdb.queuestatus", "pk": 38, "fields": {"queue": 4, "queueLength": 1, "createdTime": "2024-06-02T13:02:15.737Z", "modifiedTime": "2024-06-02T13:02:15.737Z"}}, {"model": "trafficdb.queuestatus", "pk": 39, "fields": {"queue": 7, "queueLength": 1, "createdTime": "2024-06-02T13:02:28.652Z", "modifiedTime": "2024-06-02T13:02:28.652Z"}}, {"model": "trafficdb.queuestatus", "pk": 40, "fields": {"queue": 9, "queueLength": 1, "createdTime": "2024-06-02T13:02:40.218Z", "modifiedTime": "2024-06-02T13:02:40.218Z"}}, {"model": "trafficdb.queuestatus", "pk": 41, "fields": {"queue": 11, "queueLength": 1, "createdTime": "2024-06-02T13:02:53.804Z", "modifiedTime": "2024-06-02T13:02:53.804Z"}}, {"model": "trafficdb.queuestatus", "pk": 42, "fields": {"queue": 4, "queueLength": 4, "createdTime": "2024-06-02T13:03:23.859Z", "modifiedTime": "2024-06-02T13:03:23.859Z"}}, {"model": "trafficdb.queuestatus", "pk": 43, "fields": {"queue": 11, "queueLength": 3, "createdTime": "2024-06-02T13:03:35.552Z", "modifiedTime": "2024-06-02T13:03:35.552Z"}}, {"model": "trafficdb.queuestatus", "pk": 44, "fields": {"queue": 9, "queueLength": 4, "createdTime": "2024-06-02T13:03:52.790Z", "modifiedTime": "2024-06-02T13:03:52.790Z"}}, {"model": "trafficdb.queuestatus", "pk": 45, "fields": {"queue": 5, "queueLength": 5, "createdTime": "2024-06-02T13:06:58.218Z", "modifiedTime": "2024-06-02T13:06:58.218Z"}}, {"model": "trafficdb.queuestatus", "pk": 46, "fields": {"queue": 6, "queueLength": 3, "createdTime": "2024-06-02T13:07:22.381Z", "modifiedTime": "2024-06-02T13:07:22.381Z"}}, {"model": "trafficdb.queuestatus", "pk": 47, "fields": {"queue": 8, "queueLength": 3, "createdTime": "2024-06-02T13:07:39.517Z", "modifiedTime": "2024-06-02T13:07:39.517Z"}}, {"model": "trafficdb.queuestatus", "pk": 48, "fields": {"queue": 11, "queueLength": 5, "createdTime": "2024-06-02T13:08:17.902Z", "modifiedTime": "2024-06-02T13:08:17.902Z"}}, {"model": "trafficdb.queuestatus", "pk": 49, "fields": {"queue": 4, "queueLength": 5, "createdTime": "2024-06-02T13:08:53.389Z", "modifiedTime": "2024-06-02T13:08:53.389Z"}}, {"model": "trafficdb.queuestatus", "pk": 50, "fields": {"queue": 3, "queueLength": 2, "createdTime": "2024-06-02T13:09:03.609Z", "modifiedTime": "2024-06-02T13:09:03.609Z"}}, {"model": "trafficdb.queuestatus", "pk": 51, "fields": {"queue": 2, "queueLength": 4, "createdTime": "2024-06-02T13:09:12.125Z", "modifiedTime": "2024-06-02T13:09:12.125Z"}}, {"model": "trafficdb.queuestatus", "pk": 52, "fields": {"queue": 1, "queueLength": 4, "createdTime": "2024-06-02T13:09:26.037Z", "modifiedTime": "2024-06-02T13:09:26.037Z"}}, {"model": "trafficdb.queuestatus", "pk": 53, "fields": {"queue": 6, "queueLength": 5, "createdTime": "2024-06-02T13:09:49.259Z", "modifiedTime": "2024-06-02T13:09:49.259Z"}}, {"model": "trafficdb.queuestatus", "pk": 54, "fields": {"queue": 5, "queueLength": 4, "createdTime": "2024-06-02T13:09:58.840Z", "modifiedTime": "2024-06-02T13:09:58.840Z"}}, {"model": "trafficdb.queuestatus", "pk": 55, "fields": {"queue": 7, "queueLength": 3, "createdTime": "2024-06-02T13:10:23.963Z", "modifiedTime": "2024-06-02T13:10:23.963Z"}}, {"model": "trafficdb.queuestatus", "pk": 56, "fields": {"queue": 10, "queueLength": 4, "createdTime": "2024-06-02T13:12:14.223Z", "modifiedTime": "2024-06-02T13:12:14.223Z"}}, {"model": "trafficdb.queuestatus", "pk": 57, "fields": {"queue": 8, "queueLength": 4, "createdTime": "2024-06-02T13:12:54.936Z", "modifiedTime": "2024-06-02T13:12:54.936Z"}}, {"model": "trafficdb.queuestatus", "pk": 58, "fields": {"queue": 3, "queueLength": 4, "createdTime": "2024-06-02T13:17:55.629Z", "modifiedTime": "2024-06-02T13:17:55.629Z"}}, {"model": "trafficdb.queuestatus", "pk": 59, "fields": {"queue": 7, "queueLength": 4, "createdTime": "2024-06-02T13:18:09.676Z", "modifiedTime": "2024-06-02T13:18:09.676Z"}}, {"model": "trafficdb.queuestatus", "pk": 60, "fields": {"queue": 11, "queueLength": 3, "createdTime": "2024-06-02T13:47:30.305Z", "modifiedTime": "2024-06-02T13:47:30.305Z"}}, {"model": "trafficdb.queuestatus", "pk": 61, "fields": {"queue": 1, "queueLength": 1, "createdTime": "2024-06-02T13:47:57.650Z", "modifiedTime": "2024-06-02T13:47:57.650Z"}}, {"model": "trafficdb.queuestatus", "pk": 62, "fields": {"queue": 2, "queueLength": 1, "createdTime": "2024-06-02T13:48:08.049Z", "modifiedTime": "2024-06-02T13:48:08.049Z"}}, {"model": "trafficdb.queuestatus", "pk": 63, "fields": {"queue": 3, "queueLength": 1, "createdTime": "2024-06-02T13:48:18.275Z", "modifiedTime": "2024-06-02T13:48:18.275Z"}}, {"model": "trafficdb.queuestatus", "pk": 64, "fields": {"queue": 5, "queueLength": 1, "createdTime": "2024-06-02T13:48:32.212Z", "modifiedTime": "2024-06-02T13:48:32.212Z"}}, {"model": "trafficdb.queuestatus", "pk": 65, "fields": {"queue": 6, "queueLength": 1, "createdTime": "2024-06-02T13:48:39.949Z", "modifiedTime": "2024-06-02T13:48:39.949Z"}}, {"model": "trafficdb.queuestatus", "pk": 66, "fields": {"queue": 8, "queueLength": 1, "createdTime": "2024-06-02T13:48:54.708Z", "modifiedTime": "2024-06-02T13:48:54.708Z"}}, {"model": "trafficdb.queuestatus", "pk": 67, "fields": {"queue": 9, "queueLength": 3, "createdTime": "2024-06-02T13:49:19.002Z", "modifiedTime": "2024-06-02T13:49:19.002Z"}}, {"model": "trafficdb.queuestatus", "pk": 68, "fields": {"queue": 7, "queueLength": 2, "createdTime": "2024-06-02T13:49:40.399Z", "modifiedTime": "2024-06-02T13:49:40.399Z"}}, {"model": "trafficdb.queuestatus", "pk": 69, "fields": {"queue": 7, "queueLength": 2, "createdTime": "2024-06-02T13:58:11.103Z", "modifiedTime": "2024-06-02T13:58:11.103Z"}}, {"model": "trafficdb.queuestatus", "pk": 70, "fields": {"queue": 10, "queueLength": 3, "createdTime": "2024-06-02T14:04:21.094Z", "modifiedTime": "2024-06-02T14:04:21.094Z"}}, {"model": "trafficdb.queuestatus", "pk": 71, "fields": {"queue": 4, "queueLength": 3, "createdTime": "2024-06-02T14:04:47.035Z", "modifiedTime": "2024-06-02T14:04:47.035Z"}}, {"model": "trafficdb.queuestatus", "pk": 72, "fields": {"queue": 1, "queueLength": 3, "createdTime": "2024-06-02T14:12:45.942Z", "modifiedTime": "2024-06-02T14:12:45.942Z"}}, {"model": "trafficdb.queuestatus", "pk": 73, "fields": {"queue": 6, "queueLength": 1, "createdTime": "2024-06-02T14:13:05.986Z", "modifiedTime": "2024-06-02T14:13:05.986Z"}}, {"model": "trafficdb.queuestatus", "pk": 74, "fields": {"queue": 6, "queueLength": 3, "createdTime": "2024-06-02T14:13:11.873Z", "modifiedTime": "2024-06-02T14:13:11.873Z"}}, {"model": "trafficdb.queuestatus", "pk": 75, "fields": {"queue": 11, "queueLength": 2, "createdTime": "2024-06-02T14:21:48.818Z", "modifiedTime": "2024-06-02T14:21:48.818Z"}}, {"model": "trafficdb.queuestatus", "pk": 76, "fields": {"queue": 6, "queueLength": 5, "createdTime": "2024-06-02T14:32:54.699Z", "modifiedTime": "2024-06-02T14:32:54.699Z"}}, {"model": "trafficdb.queuestatus", "pk": 77, "fields": {"queue": 10, "queueLength": 5, "createdTime": "2024-06-02T14:33:23.959Z", "modifiedTime": "2024-06-02T14:33:23.959Z"}}, {"model": "trafficdb.queuestatus", "pk": 78, "fields": {"queue": 6, "queueLength": 5, "createdTime": "2024-06-02T14:57:26.713Z", "modifiedTime": "2024-06-02T14:57:26.713Z"}}, {"model": "trafficdb.queuestatus", "pk": 79, "fields": {"queue": 2, "queueLength": 5, "createdTime": "2024-06-02T14:58:04.724Z", "modifiedTime": "2024-06-02T14:58:04.724Z"}}, {"model": "trafficdb.queuestatus", "pk": 80, "fields": {"queue": 2, "queueLength": 1, "createdTime": "2024-06-02T14:58:23.574Z", "modifiedTime": "2024-06-02T14:58:23.574Z"}}, {"model": "trafficdb.queuestatus", "pk": 81, "fields": {"queue": 6, "queueLength": 1, "createdTime": "2024-06-02T14:58:43.682Z", "modifiedTime": "2024-06-02T14:58:43.682Z"}}, {"model": "trafficdb.queuestatus", "pk": 82, "fields": {"queue": 9, "queueLength": 5, "createdTime": "2024-06-02T14:59:01.282Z", "modifiedTime": "2024-06-02T14:59:01.282Z"}}, {"model": "trafficdb.queuestatus", "pk": 83, "fields": {"queue": 4, "queueLength": 5, "createdTime": "2024-06-02T14:59:14.970Z", "modifiedTime": "2024-06-02T14:59:14.970Z"}}, {"model": "trafficdb.queuestatus", "pk": 84, "fields": {"queue": 4, "queueLength": 1, "createdTime": "2024-06-02T15:27:45.124Z", "modifiedTime": "2024-06-02T15:27:45.124Z"}}, {"model": "trafficdb.queuestatus", "pk": 85, "fields": {"queue": 10, "queueLength": 2, "createdTime": "2024-06-02T15:27:58.955Z", "modifiedTime": "2024-06-02T15:27:58.955Z"}}, {"model": "trafficdb.queuestatus", "pk": 86, "fields": {"queue": 9, "queueLength": 2, "createdTime": "2024-06-02T15:28:12.668Z", "modifiedTime": "2024-06-02T15:28:12.668Z"}}, {"model": "trafficdb.queuestatus", "pk": 87, "fields": {"queue": 9, "queueLength": 1, "createdTime": "2024-06-02T15:28:58.792Z", "modifiedTime": "2024-06-02T15:28:58.792Z"}}, {"model": "trafficdb.queuestatus", "pk": 88, "fields": {"queue": 7, "queueLength": 1, "createdTime": "2024-06-02T15:29:11.124Z", "modifiedTime": "2024-06-02T15:29:11.124Z"}}, {"model": "trafficdb.queuestatus", "pk": 89, "fields": {"queue": 10, "queueLength": 1, "createdTime": "2024-06-02T15:29:22.527Z", "modifiedTime": "2024-06-02T15:29:22.527Z"}}, {"model": "trafficdb.queuestatus", "pk": 90, "fields": {"queue": 11, "queueLength": 1, "createdTime": "2024-06-02T15:29:32.461Z", "modifiedTime": "2024-06-02T15:29:32.461Z"}}, {"model": "trafficdb.queuestatus", "pk": 91, "fields": {"queue": 1, "queueLength": 1, "createdTime": "2024-06-02T16:00:07.680Z", "modifiedTime": "2024-06-02T16:00:07.680Z"}}, {"model": "trafficdb.queuestatus", "pk": 92, "fields": {"queue": 8, "queueLength": 5, "createdTime": "2024-06-02T16:16:59.461Z", "modifiedTime": "2024-06-02T16:16:59.462Z"}}, {"model": "trafficdb.queuestatus", "pk": 93, "fields": {"queue": 1, "queueLength": 5, "createdTime": "2024-06-02T16:21:36.007Z", "modifiedTime": "2024-06-02T16:21:36.008Z"}}, {"model": "trafficdb.queuestatus", "pk": 94, "fields": {"queue": 2, "queueLength": 5, "createdTime": "2024-06-02T16:21:48.446Z", "modifiedTime": "2024-06-02T16:21:48.446Z"}}, {"model": "trafficdb.queuestatus", "pk": 95, "fields": {"queue": 3, "queueLength": 5, "createdTime": "2024-06-02T16:21:54.875Z", "modifiedTime": "2024-06-02T16:21:54.875Z"}}, {"model": "trafficdb.queuestatus", "pk": 96, "fields": {"queue": 5, "queueLength": 5, "createdTime": "2024-06-02T16:22:02.488Z", "modifiedTime": "2024-06-02T16:22:02.488Z"}}, {"model": "trafficdb.queuestatus", "pk": 97, "fields": {"queue": 6, "queueLength": 5, "createdTime": "2024-06-02T16:22:08.572Z", "modifiedTime": "2024-06-02T16:22:08.572Z"}}, {"model": "trafficdb.queuestatus", "pk": 98, "fields": {"queue": 4, "queueLength": 5, "createdTime": "2024-06-02T16:22:18.683Z", "modifiedTime": "2024-06-02T16:22:18.683Z"}}, {"model": "trafficdb.queuestatus", "pk": 99, "fields": {"queue": 7, "queueLength": 5, "createdTime": "2024-06-02T16:22:28.548Z", "modifiedTime": "2024-06-02T16:22:28.548Z"}}, {"model": "trafficdb.queuestatus", "pk": 100, "fields": {"queue": 9, "queueLength": 5, "createdTime": "2024-06-02T16:22:39.010Z", "modifiedTime": "2024-06-02T16:22:39.010Z"}}, {"model": "trafficdb.queuestatus", "pk": 101, "fields": {"queue": 10, "queueLength": 5, "createdTime": "2024-06-02T16:22:48.695Z", "modifiedTime": "2024-06-02T16:22:48.695Z"}}, {"model": "trafficdb.queuestatus", "pk": 102, "fields": {"queue": 11, "queueLength": 5, "createdTime": "2024-06-02T16:23:00.366Z", "modifiedTime": "2024-06-02T16:23:00.366Z"}}, {"model": "trafficdb.queuestatus", "pk": 103, "fields": {"queue": 4, "queueLength": 2, "createdTime": "2024-06-02T17:02:50.246Z", "modifiedTime": "2024-06-02T17:02:50.247Z"}}, {"model": "trafficdb.queuestatus", "pk": 104, "fields": {"queue": 4, "queueLength": 5, "createdTime": "2024-06-02T17:04:01.346Z", "modifiedTime": "2024-06-02T17:04:01.346Z"}}, {"model": "trafficdb.queuestatus", "pk": 105, "fields": {"queue": 8, "queueLength": 1, "createdTime": "2024-06-02T19:46:05.649Z", "modifiedTime": "2024-06-02T19:46:05.649Z"}}, {"model": "trafficdb.queuestatus", "pk": 106, "fields": {"queue": 1, "queueLength": 1, "createdTime": "2024-06-02T23:39:36.291Z", "modifiedTime": "2024-06-02T23:39:36.291Z"}}, {"model": "trafficdb.queuestatus", "pk": 107, "fields": {"queue": 1, "queueLength": 5, "createdTime": "2024-06-03T01:04:18.980Z", "modifiedTime": "2024-06-03T01:04:18.980Z"}}, {"model": "trafficdb.queuestatus", "pk": 108, "fields": {"queue": 8, "queueLength": 5, "createdTime": "2024-06-03T01:04:25.957Z", "modifiedTime": "2024-06-03T01:04:25.957Z"}}, {"model": "trafficdb.queuestatus", "pk": 109, "fields": {"queue": 2, "queueLength": 5, "createdTime": "2024-06-03T01:44:18.599Z", "modifiedTime": "2024-06-03T01:44:18.599Z"}}, {"model": "trafficdb.queuestatus", "pk": 110, "fields": {"queue": 3, "queueLength": 5, "createdTime": "2024-06-03T01:44:29.489Z", "modifiedTime": "2024-06-03T01:44:29.489Z"}}, {"model": "trafficdb.queuestatus", "pk": 111, "fields": {"queue": 5, "queueLength": 5, "createdTime": "2024-06-03T01:44:35.729Z", "modifiedTime": "2024-06-03T01:44:35.729Z"}}, {"model": "trafficdb.queuestatus", "pk": 112, "fields": {"queue": 6, "queueLength": 5, "createdTime": "2024-06-03T01:44:42.542Z", "modifiedTime": "2024-06-03T01:44:42.543Z"}}, {"model": "trafficdb.queuestatus", "pk": 113, "fields": {"queue": 4, "queueLength": 5, "createdTime": "2024-06-03T01:44:51.827Z", "modifiedTime": "2024-06-03T01:44:51.827Z"}}, {"model": "trafficdb.queuestatus", "pk": 114, "fields": {"queue": 7, "queueLength": 5, "createdTime": "2024-06-03T01:45:21.556Z", "modifiedTime": "2024-06-03T01:45:21.556Z"}}, {"model": "trafficdb.queuestatus", "pk": 115, "fields": {"queue": 9, "queueLength": 5, "createdTime": "2024-06-03T01:45:29.153Z", "modifiedTime": "2024-06-03T01:45:29.153Z"}}, {"model": "trafficdb.queuestatus", "pk": 116, "fields": {"queue": 10, "queueLength": 5, "createdTime": "2024-06-03T01:45:38.691Z", "modifiedTime": "2024-06-03T01:45:38.691Z"}}, {"model": "trafficdb.queuestatus", "pk": 117, "fields": {"queue": 11, "queueLength": 5, "createdTime": "2024-06-03T01:45:52.549Z", "modifiedTime": "2024-06-03T01:45:52.549Z"}}, {"model": "trafficdb.queuestatus", "pk": 118, "fields": {"queue": 1, "queueLength": 5, "createdTime": "2024-06-03T01:49:31.881Z", "modifiedTime": "2024-06-03T01:49:31.881Z"}}, {"model": "trafficdb.queuestatus", "pk": 119, "fields": {"queue": 2, "queueLength": 2, "createdTime": "2024-06-03T03:53:46.944Z", "modifiedTime": "2024-06-03T03:53:46.944Z"}}, {"model": "trafficdb.queuestatus", "pk": 120, "fields": {"queue": 3, "queueLength": 1, "createdTime": "2024-06-03T03:54:04.716Z", "modifiedTime": "2024-06-03T03:54:04.716Z"}}, {"model": "trafficdb.queuestatus", "pk": 121, "fields": {"queue": 8, "queueLength": 4, "createdTime": "2024-06-03T03:54:52.021Z", "modifiedTime": "2024-06-03T03:54:52.021Z"}}, {"model": "trafficdb.queuestatus", "pk": 122, "fields": {"queue": 2, "queueLength": 2, "createdTime": "2024-06-03T04:26:06.025Z", "modifiedTime": "2024-06-03T04:26:06.025Z"}}, {"model": "trafficdb.queuestatus", "pk": 123, "fields": {"queue": 12, "queueLength": 1, "createdTime": "2024-06-03T04:41:18.728Z", "modifiedTime": "2024-06-03T04:41:18.728Z"}}, {"model": "trafficdb.queuestatus", "pk": 124, "fields": {"queue": 6, "queueLength": 1, "createdTime": "2024-06-03T05:43:53.645Z", "modifiedTime": "2024-06-03T05:43:53.645Z"}}, {"model": "trafficdb.queuestatus", "pk": 125, "fields": {"queue": 11, "queueLength": 1, "createdTime": "2024-06-03T05:44:18.400Z", "modifiedTime": "2024-06-03T05:44:18.400Z"}}, {"model": "trafficdb.queuestatus", "pk": 126, "fields": {"queue": 7, "queueLength": 1, "createdTime": "2024-06-03T06:00:32.306Z", "modifiedTime": "2024-06-03T06:00:32.306Z"}}, {"model": "trafficdb.queuestatus", "pk": 127, "fields": {"queue": 1, "queueLength": 1, "createdTime": "2024-06-03T07:17:30.347Z", "modifiedTime": "2024-06-03T07:17:30.347Z"}}, {"model": "trafficdb.queuestatus", "pk": 128, "fields": {"queue": 2, "queueLength": 1, "createdTime": "2024-06-03T07:27:10.137Z", "modifiedTime": "2024-06-03T07:27:10.137Z"}}, {"model": "trafficdb.category", "pk": 1, "fields": {"name": "Main"}}, {"model": "trafficdb.category", "pk": 2, "fields": {"name": "Updates"}}, {"model": "trafficdb.post", "pk": 1, "fields": {"title": "Hello World", "body": "This website aims to be documenting new and fun things in Malaysia and beyond.\r\n\r\nIt also comes with its own traffic dashboard for people to share the queue updates. In the future, more queues and information will be coming so stay tuned!", "created_on": "2024-05-31T06:00:34.037Z", "last_modified": "2024-06-02T15:35:45.326Z", "categories": [1]}}, {"model": "trafficdb.post", "pk": 3, "fields": {"title": "Updates", "body": "The bug with aggregating the queue statuses have been fixed!", "created_on": "2024-06-03T06:45:51.962Z", "last_modified": "2024-06-03T06:45:51.962Z", "categories": [2]}}, {"model": "admin.logentry", "pk": 1, "fields": {"action_time": "2024-05-31T06:00:30.451Z", "user": 1, "content_type": 13, "object_id": "1", "object_repr": "Category object (1)", "action_flag": 1, "change_message": "[{\"added\": {}}]"}}, {"model": "admin.logentry", "pk": 2, "fields": {"action_time": "2024-05-31T06:00:34.040Z", "user": 1, "content_type": 12, "object_id": "1", "object_repr": "Post object (1)", "action_flag": 1, "change_message": "[{\"added\": {}}]"}}, {"model": "admin.logentry", "pk": 3, "fields": {"action_time": "2024-05-31T08:06:28.513Z", "user": 1, "content_type": 12, "object_id": "1", "object_repr": "Hello World", "action_flag": 2, "change_message": "[{\"changed\": {\"fields\": [\"Body\"]}}]"}}, {"model": "admin.logentry", "pk": 4, "fields": {"action_time": "2024-05-31T08:07:26.202Z", "user": 1, "content_type": 12, "object_id": "2", "object_repr": "Places to visit in JB", "action_flag": 1, "change_message": "[{\"added\": {}}]"}}, {"model": "admin.logentry", "pk": 5, "fields": {"action_time": "2024-05-31T08:10:44.461Z", "user": 1, "content_type": 12, "object_id": "2", "object_repr": "Places to visit in JB", "action_flag": 2, "change_message": "[{\"changed\": {\"fields\": [\"Body\"]}}]"}}, {"model": "admin.logentry", "pk": 6, "fields": {"action_time": "2024-05-31T09:46:04.505Z", "user": 1, "content_type": 3, "object_id": "5", "object_repr": "Full Queue (>1 hour)", "action_flag": 2, "change_message": "[{\"changed\": {\"fields\": [\"QueueColor\"]}}]"}}, {"model": "admin.logentry", "pk": 7, "fields": {"action_time": "2024-06-02T10:48:45.380Z", "user": 1, "content_type": 4, "object_id": "10", "object_repr": "950 (CIQ)", "action_flag": 1, "change_message": "[{\"added\": {}}]"}}, {"model": "admin.logentry", "pk": 8, "fields": {"action_time": "2024-06-02T12:54:53.713Z", "user": 1, "content_type": 4, "object_id": "11", "object_repr": "JB CIQ Egates/ Manual", "action_flag": 1, "change_message": "[{\"added\": {}}]"}}, {"model": "admin.logentry", "pk": 9, "fields": {"action_time": "2024-06-02T12:55:07.067Z", "user": 1, "content_type": 4, "object_id": "11", "object_repr": "JB CIQ Egates/ Manual", "action_flag": 2, "change_message": "[{\"added\": {\"name\": \"queue status\", \"object\": \"JB CIQ Egates/ Manual - Medium Queue (< 30 mins)\"}}]"}}, {"model": "admin.logentry", "pk": 10, "fields": {"action_time": "2024-06-02T12:57:32.300Z", "user": 1, "content_type": 4, "object_id": "7", "object_repr": "Woodlands Autogate (SG Inbound)", "action_flag": 2, "change_message": "[{\"changed\": {\"fields\": [\"QueueName\", \"QueueDesc\"]}}]"}}, {"model": "admin.logentry", "pk": 11, "fields": {"action_time": "2024-06-02T13:09:06.186Z", "user": 1, "content_type": 4, "object_id": "11", "object_repr": "CIQ Egates/ Manual", "action_flag": 2, "change_message": "[{\"changed\": {\"fields\": [\"QueueName\"]}}]"}}, {"model": "admin.logentry", "pk": 12, "fields": {"action_time": "2024-06-02T13:09:30.378Z", "user": 1, "content_type": 4, "object_id": "9", "object_repr": "CW (CIQ)", "action_flag": 2, "change_message": "[{\"changed\": {\"fields\": [\"QueueName\", \"QueueDesc\"]}}]"}}, {"model": "admin.logentry", "pk": 13, "fields": {"action_time": "2024-06-02T13:09:55.652Z", "user": 1, "content_type": 4, "object_id": "7", "object_repr": "Woodlands Autogate", "action_flag": 2, "change_message": "[{\"changed\": {\"fields\": [\"QueueName\", \"QueueDesc\"]}}]"}}, {"model": "admin.logentry", "pk": 14, "fields": {"action_time": "2024-06-02T13:10:13.569Z", "user": 1, "content_type": 4, "object_id": "8", "object_repr": "CW (Wlds)", "action_flag": 2, "change_message": "[{\"changed\": {\"fields\": [\"QueueName\", \"QueueDesc\"]}}]"}}, {"model": "admin.logentry", "pk": 15, "fields": {"action_time": "2024-06-02T13:11:19.770Z", "user": 1, "content_type": 4, "object_id": "6", "object_repr": "CIQ Egate/ Manual", "action_flag": 2, "change_message": "[{\"changed\": {\"fields\": [\"QueueName\", \"QueueDesc\"]}}]"}}, {"model": "admin.logentry", "pk": 16, "fields": {"action_time": "2024-06-02T13:11:44.844Z", "user": 1, "content_type": 4, "object_id": "4", "object_repr": "160/170/170X (CIQ)", "action_flag": 2, "change_message": "[{\"changed\": {\"fields\": [\"QueueName\", \"QueueDesc\"]}}]"}}, {"model": "admin.logentry", "pk": 17, "fields": {"action_time": "2024-06-02T13:12:02.814Z", "user": 1, "content_type": 4, "object_id": "3", "object_repr": "Woodlands Autogate (Exit SG)", "action_flag": 2, "change_message": "[{\"changed\": {\"fields\": [\"QueueDesc\"]}}]"}}, {"model": "admin.logentry", "pk": 18, "fields": {"action_time": "2024-06-02T13:12:14.954Z", "user": 1, "content_type": 4, "object_id": "7", "object_repr": "Woodlands Autogate (Enter SG)", "action_flag": 2, "change_message": "[{\"changed\": {\"fields\": [\"QueueName\"]}}]"}}, {"model": "admin.logentry", "pk": 19, "fields": {"action_time": "2024-06-02T15:33:48.406Z", "user": 1, "content_type": 12, "object_id": "2", "object_repr": "Places to visit in JB", "action_flag": 3, "change_message": ""}}, {"model": "admin.logentry", "pk": 20, "fields": {"action_time": "2024-06-02T15:35:45.331Z", "user": 1, "content_type": 12, "object_id": "1", "object_repr": "Hello World", "action_flag": 2, "change_message": "[{\"changed\": {\"fields\": [\"Body\"]}}]"}}, {"model": "admin.logentry", "pk": 21, "fields": {"action_time": "2024-06-03T04:27:35.625Z", "user": 1, "content_type": 4, "object_id": "12", "object_repr": "CW2 (Queen St)", "action_flag": 1, "change_message": "[{\"added\": {}}]"}}, {"model": "admin.logentry", "pk": 22, "fields": {"action_time": "2024-06-03T06:45:14.389Z", "user": 1, "content_type": 13, "object_id": "2", "object_repr": "Updates", "action_flag": 1, "change_message": "[{\"added\": {}}]"}}, {"model": "admin.logentry", "pk": 23, "fields": {"action_time": "2024-06-03T06:45:51.969Z", "user": 1, "content_type": 12, "object_id": "3", "object_repr": "Updates", "action_flag": 1, "change_message": "[{\"added\": {}}]"}}, {"model": "auth.user", "pk": 1, "fields": {"password": "pbkdf2_sha256$320000$S4NXPwm3xCOcAyjjyigftf$VxrMAPFgcwVLs3wXEB87JUGEL3BqnzvMrZ0ouk2Gcs8=", "last_login": "2024-05-31T09:45:24.407Z", "is_superuser": true, "username": "admin", "first_name": "", "last_name": "", "email": "admin@localhost", "is_staff": true, "is_active": true, "date_joined": "2024-05-31T05:46:34.435Z", "groups": [], "user_permissions": []}}, {"model": "sessions.session", "pk": "0hvsw59hpy2p5rqpn4lwwwwp28542so3", "fields": {"session_data": ".eJxVjMEOwiAQRP-FsyGwXSn16N1vILDLStXQpLQn47_bJj3obTLvzbxViOtSwtryHEZWF2XV6bdLkZ657oAfsd4nTVNd5jHpXdEHbfo2cX5dD_fvoMRWtrUzLnXoLYDAYICcuE6G3nnoxZMAojWCiUUsbjkzA1I-M5lERpxXny--LDej:1sCvIS:9dk2HiR6n7Qj-AprbiknvU88PNwHh_gzMYGl-Ek-r10", "expire_date": "2024-06-14T05:59:24.986Z"}}, {"model": "sessions.session", "pk": "a1d7g7tihqe1jyc9a60m66beawkgep6y", "fields": {"session_data": ".eJxVjEEOwiAQRe_C2hCYVigu3fcMZJiZStVAUtqV8e7apAvd_vfef6mI25rj1mSJM6uLsur0uyWkh5Qd8B3LrWqqZV3mpHdFH7TpsbI8r4f7d5Cx5W_tIVjvQk8WB5N8D8yTOESE1AUi052dET-kziGIiDWQDAuCIQKSyan3B9_yOHQ:1sCypA:PLdDGz65pnv4Gzf6aYD55FCc0wpz7Z5l3v2-5p7TSf0", "expire_date": "2024-06-14T09:45:24.425Z"}}, {"model": "sessions.session", "pk": "cdv6qq0fquqrzm1jmb8sz1s14osyohn5", "fields": {"session_data": ".eJxVjEEOwiAQRe_C2hCYVigu3fcMZJiZStVAUtqV8e7apAvd_vfef6mI25rj1mSJM6uLsur0uyWkh5Qd8B3LrWqqZV3mpHdFH7TpsbI8r4f7d5Cx5W_tIVjvQk8WB5N8D8yTOESE1AUi052dET-kziGIiDWQDAuCIQKSyan3B9_yOHQ:1sCxFh:bwe_9s4gnxuDEmNfHRMerrqozK7U07jSpFQCmU9vOxA", "expire_date": "2024-06-14T08:04:41.548Z"}}]